id,n,n_basis,basis,median_all_h,median_h,p10_h,p90_h,min_h,max_h,speed_kmd,first_name,first_place,last_name,last_place
washington-1799,8,8,all,433.21868993333334,433.21868993333334,229.38239676666666,692.8423485999999,145.66506726666668,1130.1305514666667,39.72588984433604,Virginia Argus,"Richmond, Virginia",The Kentucky Gazette,"Lexington, Kentucky"
ghent-1814,10,10,all,1331.1519893,1331.1519893,1258.7569960333333,1484.8417478666665,1258.7186899333333,1571.6305514666665,105.80090056974333,The New Hampshire Gazette,"Portsmouth, New Hampshire",Kentucky Gazette,"Lexington, Kentucky"
jackson-1845,85,11,daily,317.11911299999997,221.13576,197.13576,317.05477906666664,149.63055146666667,1805.9215605333334,97.10429906869028,Kentucky Gazette,"Lexington, Kentucky",The Ottawa Free Trader,"Ottawa, Illinois"
taylor-1850,95,12,daily,169.17960873333334,49.55242666666667,25.36656328666667,95.16553117333335,25.3459118,1614.9634649333334,312.0043117713492,New-york Daily Tribune,"New York, New York",Polynesian,"Honolulu, Hawaii"
lincoln-1865,151,30,daily,169.4845502,74.20603030000001,25.679245133333332,412.4834327666667,25.537185533333336,699.1627769333334,296.129073908375,Worcester Daily Spy,"Worcester, Massachusetts",The Emporia News,"Emporia, Kansas"
titanic-1912,612,103,daily,122.39634453333333,28.381101533333332,26.334865706666665,70.23350382666662,26.01557993333333,317.2265319333334,2594.964113305538,Daily Kennebec Journal,"Augusta, Maine",The Colville Examiner,"Colville, Washington"
pearl-harbor-1941,105,16,daily,130.56166353333333,35.19592586666667,34.2978895,72.24661696666666,14.645229666666667,301.8567692,5084.269790284223,The Daily Alaska Empire,"Juneau, Alaska",The Northwest Enterprise,"Seattle, Washington"
kennedy-1963,55,8,daily,155.50330793333333,13.532534633333334,10.393032,103.77675996666665,9.826666666666666,348.9681176666666,2759.678787715074,St. Croix Avis,"Christiansted, Virgin Islands",The People's Voice,"Helena, Montana"
notre-dame-2019,6620,1816,page,5.7,4.338888888888889,1.1623611111111112,22.678472222222222,0.5166666666666667,47.95,,volksstimme.de,,moya-planeta.ru,
elizabeth-2022,4563,1610,page,5.833333333333333,3.950277777777778,3.386111111111111,17.666111111111118,3.3333333333333335,51.083333333333336,,mashable.com,,740thefan.com,
turkey-syria-2023,3758,1593,page,9.488888888888889,7.4825,1.7417777777777779,29.432777777777773,0.10722222222222222,47.95722222222222,,ntv.com.tr,,xxrb.com.cn,
