lccn,paper,city,county,state,frequency,event,first_hit_date,candidates,verified,date,page,url,iiif,match,snippet,box_pct,pages_read
sn82003383,"baton-rouge gazette (baton-rouge, la.) 1819-1856",baton rouge,east baton rouge,louisiana,weekly,taylor-1850,1850-07-13,23,yes,1850-07-13,2,https://www.loc.gov/resource/sn82003383/1850-07-13/ed-1/?sp=2&q=death+president+taylor,https://tile.loc.gov/image-services/iiif/service:ndnp:lu:batch_lu_arbok_ver04:data:sn82003383:00295874429:1850071301:0095,death of gew. taylor,"…there was very light ho[ie of his recovery. fourth despatch. pruninuhthfit he was still dangerouslyllie president taylor departed this life at -|jij vp minutes past 1 f) o'clock, on the night 0 f tuesday, the !)th inst death of gew. taylor. fifth despatch. i'jtnstok.vt ta vi. (lit 's last woros, bai.timotie, ivrclnesflnift. tiiii if)—if) ■15 a. m .—(ien. taylor's last, words were ""i dit; i am waiting death's approach i arn ready for the summons; i have en…",,1
sn82007022,"the arkansas banner (little rock, ark.) 1843-1851",little rock,pulaski,arkansas,weekly,taylor-1850,1850-07-16,15,yes,1850-07-16,2,https://www.loc.gov/resource/sn82007022/1850-07-16/ed-1/?sp=2&q=death+president+taylor,https://tile.loc.gov/image-services/iiif/service:ndnp:arhi:batch_arhi_devo_ver01:data:sn82007022:00393342894:1850071601:0666,death of pit esi dent taylor,"…he anoniug august election. for justice of the peace. it h> are authorized to announce john j thompson' as a candidate for justice of the peace for big rock township, iu pulaski couuty at the eusuiug august election. n. death of pit esi dent taylor i lie nation agmu ahoekan and saddened willi the intelligence i hat her chief magistrate has been stricken by death in the midst of place sod power and that soother one of liar heroes, who had passed safely through the…",,1
sn82003410,the daily union (washington [d.c.]) 1845-1857,washington,,district of columbia,daily,taylor-1850,1850-07-10,130,yes,1850-07-11,2,https://www.loc.gov/resource/sn82003410/1850-07-11/ed-1/?sp=2&q=death+president+taylor,https://tile.loc.gov/image-services/iiif/service:ndnp:dlc:batch_dlc_chimera_ver01:data:sn82003410:00415661186:1850071101:0789,death the president,"…or his future renown vou remember, mr. speaker, that when theereai athe nian philosopher wa* inquired of by the lydisn kings* lo who was the happiest among men, 1m declared that no man should be pronounced happy ?wf hi* death the president of the united strifes hh? so finished a noble life a* to instify the pride ami admiration of his country n he rias faced the last enemy with a inanly firmne*s and a becoming resolution he died where an american citizen…",,5
sn82014327,"burlington hawk-eye (burlington, iowa) 1845-185?",burlington,des moines,iowa,weekly,taylor-1850,1850-07-11,48,yes,1850-07-18,2,https://www.loc.gov/resource/sn82014327/1850-07-18/ed-1/?sp=2&q=death+president+taylor,https://tile.loc.gov/image-services/iiif/service:ndnp:iahi:batch_iahi_abra_ver01:data:sn82014327:00415668867:1850071801:0350,death of the president,"…miles long. fiowcrs were strewrd i 1-ng pennsslvania avenue several hundied jsrds b.fi om the white house. the civic processios is es timated 16,000. there were nineteen bands•(hh su in french assembly. u js attendance. death of the president. tilejrailied fertile loisiivillr joorial. washington, july it. the president of the vnited slates die! st 1$ minutes past 10 o'clock bst niuht. his death wia calm end peaceful. the vice piesidert ind citij the mayor am…",,5
sn82014356,"eastern times (bath, me.) 1846-1857",bath,sagadahoc,maine,weekly,taylor-1850,1850-07-11,28,yes,1850-07-11,3,https://www.loc.gov/resource/sn82014356/1850-07-11/ed-1/?sp=3&q=death+president+taylor,https://tile.loc.gov/image-services/iiif/service:ndnp:me:batch_me_calais_ver03:data:sn82014356:00332895655:1850071101:0074,taylor dead,"…died in 12 hours after the ician was called. death of president tai l by telegraph to boston papers learn that president taylor is dangerously and at 11 o'clock on tuesday it was tlioug could not survive. i later.—gen. taylor dead. we that gen. taylor died at 35 minutes pa o'clock tuesday night. 5 in litchfield lid ward dillingham of bath to all i lia a. hatle\ in hahoweil, samuel yv. huntington to alus i line mayo. _ in harpswclj, 2d intt., miss…",,3
sn82014434,the republic (washington [d.c.]) 1849-1853,washington,,district of columbia,daily,taylor-1850,1850-07-10,176,yes,1850-07-10,2,https://www.loc.gov/resource/sn82014434/1850-07-10/ed-1/?sp=2&q=death+president+taylor,https://tile.loc.gov/image-services/iiif/service:ndnp:dlc:batch_dlc_dragon_ver01:data:sn82014434:00415661381:1850071001:0051,death of president taylor,"…ts. referred to the committee of ways and means. the republic. washington: wednesday morning. july 10. i860. ukatii op pkes1uekt taylor. w arc called upon to discharge the inex-j pressibly painful duty of announcing the death of president taylor, which took place last night at hall' past ten o'clock. he was in the enjoyment ot itis usual health on thursday last, the 1th instant, and participated in the celebration of the day. early the next 1 naming, lie was at…",,2
sn82014751,"washington telegraph (washington, ark.) 1839-1871",washington,hempstead,arkansas,weekly,taylor-1850,1850-07-17,19,yes,1850-07-24,2,https://www.loc.gov/resource/sn82014751/1850-07-24/ed-1/?sp=2&q=death+president+taylor,https://tile.loc.gov/image-services/iiif/service:ndnp:arhi:batch_arhi_fullmoon_ver01:data:sn82014751:00513688222:1850072401:0272,death of president taylor,"…o trespasses committed] on the public lands by cutting timber] therefrom. i a monster ox is being exhibited at] buffalo, n. y. he is said to be 14 feetl long, 10 feet girth, and 6 feet high, and] to weigh 1,300 pounds.- death of president taylor. i the unexpected and startling intellk igence of the death of president fay-, lor has caused a profound sensation,’ falling with paralyzing effect upon country. without the least previous in-, timation of such a result…",,2
sn82014763,"the southern press (washington city [i.e. washington, d.c.]) 1850-1852",washington,,district of columbia,semiweekly,taylor-1850,1850-08-17,3,no,,,,,,,,3
sn82014764,the southern press (washington [d.c.]) 1850-1852,washington,,district of columbia,daily,taylor-1850,1850-07-10,153,yes,1850-07-10,2,https://www.loc.gov/resource/sn82014764/1850-07-10/ed-1/?sp=2&q=death+president+taylor,https://tile.loc.gov/image-services/iiif/service:ndnp:dlc:batch_dlc_elf_ver03:data:sn82014764:00415661472:1850071001:0088,death of* president taylor,"…i to dp to you under similar ciri umsiuueea, and oi country will be happy, prosperous, and conten i ad, and ours will be a bright and glorious desliu) the southern tress t city"" of washington. wednesday. july 10. 1850. death of* president taylor. i it is ocr melancholy doty to announce flu pdcath of gun. zachary taylor, preaidcn of the united. states. he expired last night a twonty-five minutes of eleven. i le was aw an of his approaching dissolution, and two h…",,2
sn82014892,"southern shield (helena, ark.) 1840-1874",helena,phillips,arkansas,weekly,taylor-1850,1850-08-03,10,yes,1850-08-03,1,https://www.loc.gov/resource/sn82014892/1850-08-03/ed-1/?sp=1&q=death+president+taylor,https://tile.loc.gov/image-services/iiif/service:ndnp:arhi:batch_arhi_devo_ver01:data:sn82014892:00393342870:1850080301:0065,death of gen. taylor,"…president from office the same shall devolve on the vice president.” it was this contingency which made john tyler president on the death of gen. har rison, in 1s41—and which now makes mil lard fillmore president on the death of gen. taylor. it has been sometimes contended that the vice president should not succeed to the name of president, but should be termed acting president; but it has been generally conceded, and is no longer dispu ted, that the vice…",,1
sn82015378,"the daily crescent ([new orleans, la.]) 1848-1851",new orleans,orleans,louisiana,daily,taylor-1850,1850-07-10,227,yes,1850-07-12,2,https://www.loc.gov/resource/sn82015378/1850-07-12/ed-1/?sp=2&q=death+president+taylor,https://tile.loc.gov/image-services/iiif/service:ndnp:lu:batch_lu_diglett_ver01:data:sn82015378:00295872366:1850071201:0667,death of emeral taylor,"…sly ill. third dispatch. dangerous condition of the presldent.| b altimore tuesday, jajy 9, 7:25 thi» evening, at 5 o'clock, the prudent was still living but there was very slight hope of his r :overy. fourth dispatch. ""death of emeral taylor, present taylor departed this life at live minutes! ipast 10 o'clock, on the night of tuesday, the 9thj ■instant. fifth dispatch. president taylor's last wonls. baltimore wednesday, july lü, 10:4^ a. m. general taylor's…",,8
sn82015672,"the evansville daily journal (evansville, ia. [i.e. ind.]) 1848-1862",evansville,vanderburgh,indiana,daily,taylor-1850,1850-07-10,109,yes,1850-07-11,2,https://www.loc.gov/resource/sn82015672/1850-07-11/ed-1/?sp=2&q=death+president+taylor,https://tile.loc.gov/image-services/iiif/service:ndnp:in:batch_in_harrison_ver01:data:sn82015672:00296021817:1850071101:0693,death of geii.taylor,"…proprietor. evansville ami princeton railroad. yesterday we were bhown a letter to mr. .h nennhlicanm in about thr ""cheats andlstockwell from mr. ingle, one of the direccity of evambyillei thursday multnixg, jitiit 11. death of geii.taylor. the astounding news of the death of pres-i jdisorganizera in the democratic party of, !thi3 and neighboring counties. the repub mean is the organ of one division of the dem locratic forces, which may be called old hunk…",,2
sn82014073,"the davenport gazette (davenport, scott co., iowa) 1841-185?",davenport,scott,iowa,weekly,taylor-1850,1850-07-11,21,yes,1850-07-18,2,https://www.loc.gov/resource/sn82014073/1850-07-18/ed-1/?sp=2&q=death+president+taylor,https://tile.loc.gov/image-services/iiif/service:ndnp:iahi:batch_iahi_flareon_ver02:data:sn82014073:00279529200:1850071801:0192,taylor is no more,"$r :c cnc ©aiette. alfred sanders, edit©*. davenport: tktsbiv 19imkg, july 18, mm. te\th of tuk president. geo. taylor is no more! the broken telegraphic d«sp«»ches fir»t received ere nulhenticatad and the nation mourns the loss of her chief magistrate. one by one oro the great men of the repablic dropping off, but there ere thoee yet remaining fu…",,5
sn82016479,"arkansas state gazette and democrat (little rock, ark.) 1850-1859",little rock,pulaski,arkansas,weekly,taylor-1850,1850-07-12,27,yes,1850-07-19,2,https://www.loc.gov/resource/sn82016479/1850-07-19/ed-1/?sp=2&q=death+president+taylor,https://tile.loc.gov/image-services/iiif/service:ndnp:arhi:batch_arhi_fluorite_ver01:data:sn82016479:00516990727:1850071901:0120,death of the president,"…ved to baton ffouge next week. the idjii.vnikxt. up to the latest dates from wdshingtoi^city 10* [final artiort had been taken by the senate on tie f, icompromjte bills; and it is probable that in consf-^j qnence of the death of the president all nation vul liie deluyed for sometime. various opinions at£^ [cnttrlained as to the eflwt which will be produrej. on these measures by mr. ftllmore assuming the executive duties. l educ1tiux [l is a question with man…",,3
sn83009653,"oxford democrat (paris, me.) 1833-1933",paris,oxford,maine,weekly,taylor-1850,1850-07-16,2,yes,1850-07-16,2,https://www.loc.gov/resource/sn83009653/1850-07-16/ed-1/?sp=2&q=death+president+taylor,https://tile.loc.gov/image-services/iiif/service:ndnp:me:batch_me_allagash_ver02:data:sn83009653:00279523969:1850071601:0096,death of president taylor,"…i ii •1' i i|%;» i i»? |1 i m\\| m|o\ |v mi» i.• t is. r«i«ai mj |1muih«i mi lb* «.f ikmii, i i l» 11 •f ifci i»«f v/f. «f fl| ♦nki ,f. ,w.. f »f th^ |«if|a«r i i i 11 11 i democratic caucus i i i i s 1 i i i ti i i m i death of president taylor i: i i v i i i 1 v. 1 i i i' few ii ill i i i.i .!i« ii. .i i i' r in ll« 1 s i ik white ii t i u i i.i i'!-» i' tii. i: v. i i m ■_•;■!. n. -1 .i i. it. ,i i"" at i'. !i-j «t ill tli «*i tin \*.i..iii* hi jltlt""' «11!>«…",,1
sn83016348,"the cecil whig (elkton, md.) 1841-current",elkton,cecil,maryland,daily,taylor-1850,1850-07-13,20,yes,1850-07-13,2,https://www.loc.gov/resource/sn83016348/1850-07-13/ed-1/?sp=2&q=death+president+taylor,https://tile.loc.gov/image-services/iiif/service:ndnp:mdu:batch_mdu_fitzgerald_ver01:data:sn83016348:00415624451:1850071301:0205,death of the president,"the cecil whig. jel a'to.v, lia. saturday juiv 13 isso. for gotersvob, william bclarke. of washington county. blection pat, october 2f> the death of the president. our paper cornea to one reader* tins week olollieil in tl.e lialiilimenla of mourningtlir elionen head oftlie notion is stricken down in dentil, and the whole people ore startled and saddened with the intelligence of t…",,1
sn83016872,"the mississippi creole (canton, miss.) 1841-1851",canton,madison,mississippi,weekly,taylor-1850,1850-07-13,13,yes,1850-08-10,2,https://www.loc.gov/resource/sn83016872/1850-08-10/ed-1/?sp=2&q=death+president+taylor,https://tile.loc.gov/image-services/iiif/service:ndnp:msar:batch_msar_icydrop_ver05:data:sn83016872:00295878502:1850081001:0908,death of the president,"…presidential canvass, (he southern whigs geneialiy too the ground that mr. fillmore wn. like most northern imn, unsound on the slavery que. lion, but that the office was a comparatively unimportant one. now that by the death of the president, mr. fillmore succeeds him, we presume soma ol these gentlemen will deem it necessary to 'change their ground and endorse aill his sonti meiits. madisonian. what the editor of the maihioniuh means y 'the language above…",,7
sn83021169,"herald of the times (newport, r.i.) 1849-1856",newport,newport,rhode island,weekly,taylor-1850,1850-07-11,36,yes,1850-07-18,1,https://www.loc.gov/resource/sn83021169/1850-07-18/ed-1/?sp=1&q=death+president+taylor,https://tile.loc.gov/image-services/iiif/service:ndnp:rp:batch_rp_azer_ver02:data:sn83021169:00514152780:1850071801:0316,death of gen. taylor,"vol xxi. no.g. published every thursday morning, no. 127 thames st, by cranston norman. terms-=%2 in advance, or §2,25 at the end of the year, friday, july 12 rtins srr ni w b 1t a death of gen. taylor. gen. taylor is no wore this is the second time in the history of the foderal government that the president of the uni ted s:ates has been lemoved fiom earth during the time he was discharging his of ficial duties. his…",,5
sn83021203,the daily spy (worcester [mass.]) 1845-1850,worcester,worcester,massachusetts,daily,taylor-1850,1850-07-10,43,yes,1850-07-11,2,https://www.loc.gov/resource/sn83021203/1850-07-11/ed-1/?sp=2&q=death+president+taylor,https://tile.loc.gov/image-services/iiif/service:ndnp:mb:batch_mb_bia_ver01:data:sn83021203:00517172005:1850071101:0330,death of the president,"the daily spy. worcester. thursday, july 11, 1850. death of the president. a telegraphic despatch, received early yesterday morning, announced to us the death of gen. taylor, at washington, the evening before. with the accounts already received, and which we published yesterday, we were not a…",,5
sn83021460,republican herald (providence [r.i.]) 1832-1852,providence,providence,rhode island,semiweekly,taylor-1850,1850-07-10,51,yes,1850-07-13,2,https://www.loc.gov/resource/sn83021460/1850-07-13/ed-1/?sp=2&q=death+president+taylor,https://tile.loc.gov/image-services/iiif/service:ndnp:rp:batch_rp_helmedhorror_ver02:data:sn83021460:00514153280:1850071301:0119,death of general taylor,"…at new york, consisted of over thirty thousand let ters. ripe peaches have made their appearance in charleston, 8, c. republican herald. providence, saturday, july 13, 1830. death of the late president. the news of the death of general taylor, late president of the united states, was received in this city on wednesduy morning, by which we were informed of that melancholy oceurrence at his residence in washington, thirty five minutes past ten o'clock on tuesd…",,5
sn83021578,"pawtucket gazette and chronicle (pawtucket, r.i.) 1845-1912",pawtucket,providence,rhode island,weekly,taylor-1850,1850-07-12,19,yes,1850-07-12,2,https://www.loc.gov/resource/sn83021578/1850-07-12/ed-1/?sp=2&q=death+president+taylor,https://tile.loc.gov/image-services/iiif/service:ndnp:rp:batch_rp_jarlstorvald_ver01:data:sn83021578:00529045414:1850071201:0110,death of president taylor,"pawtucket gazette anb tfljronicle. friday, july 19,19m>. death of president taylor. it it our painful duly to announce the death of the president of the united states this eeenl happened al thirty-flee minutes past ten o'clock on the evening of tuesday last. his death was calm nnd peaceful. his issl w…",,1
sn83025241,"the minnesota pioneer (st. paul, minn. territory) 1849-1855",saint paul,ramsey,minnesota,weekly,taylor-1850,1850-07-11,24,yes,1850-07-18,2,https://www.loc.gov/resource/sn83025241/1850-07-18/ed-1/?sp=2&q=death+president+taylor,https://tile.loc.gov/image-services/iiif/service:ndnp:mnhi:batch_mnhi_foxtrot_ver01:data:sn83025241:0038334721A:1850071801:0254,death of gen. taylor,"…d it also asset ua littlefield, or some other person, i.cril the remains in, bis room o cc -pus* his ruin. j latest news. the nominee arrived on wednc-sd morning, it being 12 hours b?for< time. the meluncholy new.i ci t death of gen. taylor is fully r.of. m we clip the following from the daily advertiser of monday: the president’s illness—hi* last x the disease of which the pi* i b m died was a diarrhoea which he emit in mexico, resembling the cholera t at…",,3
sn82015408,"polynesian (honolulu [oahu], hawaii) 1844-1864",honolulu,honolulu,hawaii,weekly,taylor-1850,1850-07-13,7,yes,1850-09-14,2,https://www.loc.gov/resource/sn82015408/1850-09-14/ed-1/?sp=2&q=death+president+taylor,https://tile.loc.gov/image-services/iiif/service:ndnp:hihouml:batch_hihouml_lilac_ver02:data:sn82015408:00237289687:1850091401:0078,death. the startling in telligence of president taylor,"…ir george grey, governor of new zealand. dr. johnson, tahiti. dr. daniel lee, ga., u. s. jlon. ewbank, washington, u. s. william hooper, esq."", san francisco, cal. the polynesian, saturday. september 14, the presideht's death. the startling in telligence of president taylor's death was re ceived here with that feeling of profound regret, which pays the highest tribute to the worth of the man, and the estimation in which he was held as the head of n great nation. the conu!r flags were immed…",,4
sn83025730,"the texas republican (marshall, tex.) 1849-1869",marshall,harrison,texas,weekly,taylor-1850,1850-07-13,21,yes,1850-07-20,2,https://www.loc.gov/resource/sn83025730/1850-07-20/ed-1/?sp=2&q=death+president+taylor,https://tile.loc.gov/image-services/iiif/service:ndnp:txdn:batch_txdn_eastland_ver01:data:sn83025730:00279559836:1850072001:0236,death of (»fii. z. taylor,"…y thing shows the implacable hostility of the \dministration to our people. cct gentleman who has just arrived j at tiiim place from now orleans, say* that telegraphic had l>eeri received from washington announcing tin* death of (»fii. z. taylor, president of the i'ni tc«1 state*. ii c if* said t«» have <l»o«! of mllions cliolir. arrangement* were making; j to transmit his remains to louisiana. the iiiohi livhv expressions of pnhlic grief ami xvmpathy were exhi…",,5
sn82015677,indiana state sentinel (indianapolis) 1841-1853,indianapolis,marion,indiana,weekly,taylor-1850,1850-07-11,41,yes,1850-07-18,1,https://www.loc.gov/resource/sn82015677/1850-07-18/ed-1/?sp=1&q=death+president+taylor,https://tile.loc.gov/image-services/iiif/service:ndnp:in:batch_in_hoosier_ver01:data:sn82015677:00202191617:1850071801:0274,death of the president,"…are in tlx o'clock. w. j. brown, f. midt of it, and often when it is too late. when the it appears from the telegraphic report of the pro-( mexicans were threatening us, on our border, in ccedino-s of congress, that the death of the president 1943 and 4g, tho universal cry was, ""there is no dano was anticipated at one o'clock when, at the request: per of war, the cowardly mexicans dare not strike a of mr. webster, mr. butler of south carolina smblow."" wo sle…",,5
sn83030213,new-york daily tribune (new-york [n.y.]) 1842-1866,new york,new york,new york,daily,taylor-1850,1850-07-10,335,yes,1850-07-10,4,https://www.loc.gov/resource/sn83030213/1850-07-10/ed-1/?sp=4&q=death+president+taylor,https://tile.loc.gov/image-services/iiif/service:ndnp:dlc:batch_dlc_buttery_ver02:data:sn83030213:00206530315:1850071001:0482,death of the president,"…fallen upon the united states. _ ba neither branch of congress did anything worthy of special notice yesterday. jd gen. taylor will of course be succeeded in the presidency by hon. millarp friluore, the vice-president. death of the president. ‘we write under the weight of a great national calamity. zachary tavror, twelfth president of the united states, expired, with perfect calmness, at washington last evening at 35 minutes past 10 o'clock, after a painful…",,2
sn83026172,daily national intelligencer (washington city [d.c.]) 1813-1869,washington,,district of columbia,daily,taylor-1850,1850-07-10,163,yes,1850-07-11,2,https://www.loc.gov/resource/sn83026172/1850-07-11/ed-1/?sp=2&q=death+president+taylor,https://tile.loc.gov/image-services/iiif/service:ndnp:dlc:batch_dlc_custer_ver01:data:sn83026172:00211678124:1850071101:0586,died at the president,"…ashington, julr 9, 1850. millard fillmore, president of the u. states. sir the melancholy and most painful duty de volves on us to announce to you that zachary taylor, late president of the united states, is no more. he died at the president’s mansion this evening, at half-past 10 o’clock. we have the honor to be, very respectfully, your obedient servants. john m. clayton, secretary of state. w. m. meredith, secretary of the treasury. t. ewing, secret ary o…",,4
sn83030313,the new york herald (new york [n.y.]) 1840-1920,new york,new york,new york,daily,taylor-1850,1850-07-10,189,yes,1850-07-10,1,https://www.loc.gov/resource/sn83030313/1850-07-10/ed-1/?sp=1&q=death+president+taylor,https://tile.loc.gov/image-services/iiif/service:ndnp:dlc:batch_dlc_marcus_ver01:data:sn83030313:00271743026:1850071001:0057,death op seneral zachary taylor,"i 1. ???i???mrnrn th no. 5874. asou&xrrux. xxraz3x.x.iann02i from washington. death op seneral zachary taylor, president 9f the i'sited stites. sll last mo&3ents. sensation in washington, jte., 4m., &e. we regret to my that the illness of general taylor ha# resulted fatally. we had no idia that such -would be the caw, but at th…",,1
sn83030362,sunday dispatch (new york [n.y.]) 1845-1854,new york,new york,new york,weekly,taylor-1850,1850-07-14,35,yes,1850-07-14,2,https://www.loc.gov/resource/sn83030362/1850-07-14/ed-1/?sp=2&q=death+president+taylor,https://tile.loc.gov/image-services/iiif/service:ndnp:dlc:batch_dlc_angelou_ver01:data:sn83030362:print00205958174:1850071401:0002,death of gen. taylor,"…appli cation for them. we make this request, so that we may be able to ascertain what manuscripts now in our possession are private property, and what we are at liberty to use. ths president and the ofiioo holders’ the death of gen. taylor and the consequent elevation of millard fillmore to the presidential chair, has led to many strange and silly surmises, __ and has created an almost universal flattering among that magnanimous and class of —pattiutgr uv…",,1
sn83032276,"lewistown gazette (lewistown, pa.) 1843-1944",lewistown,mifflin,pennsylvania,weekly,taylor-1850,1850-07-12,20,yes,1850-07-12,2,https://www.loc.gov/resource/sn83032276/1850-07-12/ed-1/?sp=2&q=death+president+taylor,https://tile.loc.gov/image-services/iiif/service:ndnp:pst:batch_pst_intramural_ver01:data:sn83032276:00296028587:1850071201:0258,taylor is no more,"…nce elevated to the highest office in their gift, lias gone to that bourne from whence] no traveller returns, and, free from thc j cares and turmoils of life, now calmly! rests beneath the sod of mother earth. 1 general taylor is no more him whom! the mighty engines of war, the hardships! and privations of a frontier life, the merci-l less indian, and the miasma of mexico's! plains, left unharmed and unscathed fori more than forty years of perilous sen…",,1
sn83035101,"portage sentinel (ravenna, ohio) 1845-1854",ravenna,portage,ohio,weekly,taylor-1850,1850-07-15,14,yes,1850-07-15,2,https://www.loc.gov/resource/sn83035101/1850-07-15/ed-1/?sp=2&q=death+president+taylor,https://tile.loc.gov/image-services/iiif/service:ndnp:ohi:batch_ohi_gann_ver01:data:sn83035101:00296027054:1850071501:0420,death of general.; z. taylor,"…'were ml am prepared i have endeavored to do my duty i gen. taylobus the second president of the united spates who died while in office. gen. harrison, itwili: be remembered, died but a month afterhis inauguration. the 'death of general.; z. taylor will ""cost a gloom over the whole country. men'ojill ..parties will mourn, because of thisreat national"" disaster. the asperities of jaft strife will be forgotten, and the whole country unite in tributes of respect to'…",,1
sn83035487,"anti-slavery bugle (new-lisbon, ohio) 1845-1861",new lisbon,columbiana,ohio,weekly,taylor-1850,1850-07-13,23,yes,1850-07-13,2,https://www.loc.gov/resource/sn83035487/1850-07-13/ed-1/?sp=2&q=taylor+dead,https://tile.loc.gov/image-services/iiif/service:ndnp:ohi:batch_ohi_desdemona_ver01:data:sn83035487:00237283776:1850071301:0117,taylor dead,"…d. i)c uvnti-slaucru bugle. i lovr aoitatio wheu thrri is cacrs vo it til 8 alaillt bull which stahtlks tlts uamtant8 of a city, savu thru from bk1ro nciimko ix tnsir pans. lturkti. snlcm, ohio, july 13, 1830. president taylor dead. a telegraphic dispatch from hon. j. co ble, m. c. from this district, to w. d.mor gan of now lislxm, dated washington, july 10th, snyst u presipemt tatlor is dead! ho expired inst (tuesday) night at eleven o'clock."" pr…",,1
sn83045784,weekly national intelligencer (washington [d.c.]) 1841-1869,washington,,district of columbia,weekly,taylor-1850,1850-07-13,48,yes,1850-07-13,2,https://www.loc.gov/resource/sn83045784/1850-07-13/ed-1/?sp=2&q=death+president+taylor,https://tile.loc.gov/image-services/iiif/service:ndnp:dlc:batch_dlc_firedrake_ver01:data:sn83045784:00415661599:1850071301:0278,died at the president,"…gton, jclt 'j, 1850. j millard fillmore, president of the u. states. sir the melancholy knd most painful duty de volves on us to announce to you that zachary i taylor, late president of the,united states, is no more. he died at the president's mansion this i evening, at half-past 10 o'clock. t we have the honor to be, very respectfully, your obedient aers ants, john m. clayton, secretary of state. w. m. meredith, secretary of the treasury. t. e wing, secret…",,1
sn84020023,"the woodville republican (woodville, miss.) 1847-1853",woodville,wilkinson,mississippi,weekly,taylor-1850,1850-07-16,9,yes,1850-07-16,2,https://www.loc.gov/resource/sn84020023/1850-07-16/ed-1/?sp=2&q=death+president+taylor,https://tile.loc.gov/image-services/iiif/service:ndnp:msar:batch_msar_applejack_ver01:data:sn84020023:00295878460:1850071601:0054,death of the president,"r tl -3 ah v-' woouville: :jcly 10. l.ju junx s. ni)lt. jr editor. frmo tin) new orleans f'icayuno. death of the president. t.vtat rue in piiilaiict.rni. iialtimorb, july o. 1 w rreii-iit r ijuiie ili. the physic-iaa iu aitrimlance it tes that triit discrtfce hi billion cholic. baltimork, july 9, 7-45, a. m tliih morning there wait no impro…",,1
sn84020716,"the charlotte journal (charlotte, n.c.) 1835-1851",charlotte,mecklenburg,north carolina,weekly,taylor-1850,1850-07-17,19,yes,1850-07-17,2,https://www.loc.gov/resource/sn84020716/1850-07-17/ed-1/?sp=2&q=death+president+taylor,https://tile.loc.gov/image-services/iiif/service:ndnp:ncu:batch_ncu_chestnut_ver01:data:sn84020716:00415667711:1850071701:0501,funeral rf the president,"…e hearts of our lr-i;ilat.rs are unit a' ibis (jiepl'm'a'ioii of p.ovidence may its kindly i fl iei.ee lead in an lit inent of our present dtfli tuu.es. then indeed would the i i .i i. country i,e mwi in i ts u.-nm. the funeral rf the president look place on siturday.the 13 h insinit. k.ery ireptra. yi denoiled piltee'a hou'd have nndu aome .how of ffsliing and having tl.e money tbe morriirtg before. 1 sl.uld bav. drawn my money from lb. bai k. and taken oweai…",,2
sn84020750,the north-carolinian (fayetteville [n.c.]) 1839-1861,fayetteville,cumberland,north carolina,weekly,taylor-1850,1850-07-13,27,yes,1850-07-13,3,https://www.loc.gov/resource/sn84020750/1850-07-13/ed-1/?sp=3&q=death+president+taylor,https://tile.loc.gov/image-services/iiif/service:ndnp:ncu:batch_ncu_jefferson_ver02:data:sn84020750:00415667279:1850071301:0542,death of president taylor,"…ay on the subject. we never admitted that ool. reid voted for the wilmot proviso. admitted that he voted for the oregon bill, and we explained that vote. the observer purposeiy misconstrues our language. (the only error death of president taylor. 'our community was disturbed on wednesday morning last, by the astounding intelligence, by telegraph, of the death of the president of the united states. but few persons knew that he had seen at all indisposed. we copy…",,1
sn84020071,"litchfield enquirer (litchfield, conn.) 1829-current",litchfield,litchfield,connecticut,weekly,taylor-1850,1850-07-18,16,yes,1850-07-18,2,https://www.loc.gov/resource/sn84020071/1850-07-18/ed-1/?sp=2&q=death+president+taylor,https://tile.loc.gov/image-services/iiif/service:ndnp:ct:batch_ct_barnum_ver01:data:sn84020071:00414182975:1850071801:0246,death of the president,"…litchfield. ellsworth, j. middlesex a n. london. *r /arpishop doano, of new jersey, has addressed a pastoral letter to the clergy of his diocese, in reference to the great calamity which has befallen the nation, in the death of the president; and requesting that on (supday next, tlio seventh after trinity, they will use the prayer which follows, before the two final prayers of morning and evening service. prayer. o merciful god, our heavenly father who has…",,2
sn83025667,"the middlebury register (middlebury, vt.) 1850-1882",middlebury,addison,vermont,weekly,taylor-1850,1850-07-16,5,yes,1850-07-23,2,https://www.loc.gov/resource/sn83025667/1850-07-23/ed-1/?sp=2&q=death+president+taylor,https://tile.loc.gov/image-services/iiif/service:ndnp:vtu:batch_vtu_irasburg_ver01:data:sn83025667:00280777791:1850072301:0120,funeral of general taylor,"…kv n.ulnr"" nl clarendon, wilh a scoro of rooni ninlca and the thernioineler nl 00, innish rro.n jour niinds how inneh beller ov you mighlhnvo l.een, had you iiul l.iken so mucli pnns lo rcnuer your schcs iniscriimo. iu. funeral of general taylor. order of froccssion. funernl eseor', in cnlumn of niarrh. compobcd nf luelvo con.panies, j.ree.dcd wn ii.i.u ut im.mi.. witli ll.esu vvns n tou.ptiny ol y o.itlin iroui s, ti.noll.y'e, nc.ir mi.il hv, ralie.l tlie 1 ui…",,2
sn84022932,new hampshire statesman (concord [n.h.]) 1847-1868,concord,merrimack,new hampshire,weekly,taylor-1850,1850-07-12,49,yes,1850-07-12,2,https://www.loc.gov/resource/sn84022932/1850-07-12/ed-1/?sp=2&q=death+president+taylor,https://tile.loc.gov/image-services/iiif/service:ndnp:nhd:batch_nhd_isolation_ver01:data:sn84022932:00542868478:1850071201:0316,death of the president,"…and his pay, and sent him back to the chances and changes of a new clection. reader! do you blame us for calling at tention so frequently to the gigantic evil of con gressional absenteeism gen. taylor has surrendered.” death of the president at 85 minutes past 10 o’clock, last tuesday evening, after an illness of five days, president, taylor expired at the president’s house, in washington, as peacefully and as calmly as tho’ about to retire for the repose o…",,1
sn84022465,"danbury times (danbury, conn.) 1837-1870",danbury,fairfield,connecticut,weekly,taylor-1850,1850-07-10,16,yes,1850-07-17,2,https://www.loc.gov/resource/sn84022465/1850-07-17/ed-1/?sp=2&q=death+president+taylor,https://tile.loc.gov/image-services/iiif/service:ndnp:ct:batch_ct_algaesoup_ver02:data:sn84022465:0051717449A:1850071701:0766,fillmore took the oath,"…o bear him on the field. the military escort was well managed, as of course it would be under gen. scott, and the great width of the avenue afforded an opportu nity to display the procession to the best advan tage.’ mr. fillmore took the oath of office on wed nesday. there are many rumors afloat, as to a change of executive policy, change of cabinet, etc. there seems to be much unanimity of opinion however, that mr. webster will be called to discharge the du…",,2
sn84023141,"the new hampshire gazette and republican union (portsmouth, n.h.) 1847-1852",portsmouth,rockingham,new hampshire,weekly,taylor-1850,1850-07-16,28,yes,1850-07-16,1,https://www.loc.gov/resource/sn84023141/1850-07-16/ed-1/?sp=1&q=death+president+taylor,https://tile.loc.gov/image-services/iiif/service:ndnp:nhd:batch_nhd_bondcliff_ver01:data:sn84023141:00517015234:1850071601:0113,fillmore was duly sworn,"…baker, bayly,j. a. king, mc¢clure and marshall.. a committee of thirteen was appointed, to urite with the senate in making arrangements for the funerdl, aftér which the ihouse adjourned.. at the time appointed president fillmore was duly sworn, and delivered a. handsome"" inaugural address of some considerable-length, deploring the. ‘death of generzl taylor, and pledging himself to._ ‘devote his dest sérvices to the premotion of the peace, prosperity and happi…",,1
sn84023200,"vermont watchman and state journal (montpelier, vt.) 1836-1883",montpelier,washington,vermont,weekly,taylor-1850,1850-07-11,19,yes,1850-07-18,2,https://www.loc.gov/resource/sn84023200/1850-07-18/ed-1/?sp=2&q=death+president+taylor,https://tile.loc.gov/image-services/iiif/service:ndnp:vtu:batch_vtu_foxville_ver01:data:sn84023200:00280777614:1850071801:0120,"death""'- gen. zachary taylor","…ie notice; uhdno coudl oui inaiiia puuucauuu wouiu, uegraitiy e,3ng tcvjhpsa.whpjwete ipresent, and. bjany who jiad rat that privilege.; 3 1 1ru u v caakaaaiaaaaaaa jwteaesxi.vo r auxicijjlab .or .the, last illness .and death""'- gen. zachary taylor. e .tjin.ii.j.i.li. b.n:. mterda v stated that his jndwpaaiuea .baaai r ri u .1 r .1 1 acvaral ot taa-xwos osirfiawiiiama. a t iha matioaai-stpnasaain 10 nsataar. l;wa.-is,,',,-i.1 iii i' imtmu1 'i. ml ww b? ""p"". f -i.…",,4
sn84023209,"green-mountain freeman (montpelier, vt.) 1844-1884",montpelier,washington,vermont,weekly,taylor-1850,1850-07-19,25,yes,1850-07-19,2,https://www.loc.gov/resource/sn84023209/1850-07-19/ed-1/?sp=2&q=death+president+taylor,https://tile.loc.gov/image-services/iiif/service:ndnp:vtu:batch_vtu_hildene_ver01:data:sn84023209:00202199264:1850071901:0085,obsequies of zachary taylor,"…llen too. and on this occasion of unexpected, deep anil general mourning, i recommend to the house of congress to adopt such measures as in their discretion may seem proper, to perforin with due solemnities the fu neral obsequies of zachary taylor, late pres ident of the united .states, and thereby to signi fy the great and affectionate regard of the"" a inericiin people for the memory of one whose life has been devoted to the public service whose career in arms h…",,2
sn84024361,"morning star (limerick, me.) 1826-1904",boston,suffolk,massachusetts,weekly,taylor-1850,1850-07-10,15,yes,1850-07-17,3,https://www.loc.gov/resource/sn84024361/1850-07-17/ed-1/?sp=3&q=death+president+taylor,https://tile.loc.gov/image-services/iiif/service:ndnp:nhd:batch_nhd_jefferson_ver01:data:sn84024361:00542868284:1850071701:0055,death of president taylor,"…the accounts have been exactly stated. at the present rate of in crease, the lation will be 2,500,000 in 1872; b namber i sdievicts in 1689 was shouk 8,000 the morning star. geneval intelligence. 7s oirr o p ts ori r p death of president taylor. gen., zacuary tayrlor, president of the united states, died in the presidential mansion at wash ington on tuesday night, 9th inst, at 35 minutes past 10, in the 66th year of his age. the following particulars relative…",,2
sn84022363,"the rutland herald (rutland, vt.) 1850-1852",rutland,rutland,vermont,weekly,taylor-1850,1850-07-11,14,yes,1850-07-11,2,https://www.loc.gov/resource/sn84022363/1850-07-11/ed-1/?sp=2&q=death+president+taylor,https://tile.loc.gov/image-services/iiif/service:ndnp:vtu:batch_vtu_adamant_ver01:data:sn84022363:00200290148:1850071101:0119,death of pres ident taylor,"…ed by mr thompson, ninth i lost. the three resolutions of iho rnrnmil. tee wero then successively adopted, il,, first by n vote of 142 lo 4'., troond, 1 j to cc; third 118 to 71. adjourned. by magnetic tklem1h, reported death of pres ident taylor. we stop uio press to make tl,c painful announcement of the re portal death of gen. taylor; which nfflictnt dispensation is reportod by telografh as having occurred early this (wtj ncsday) moniing. wc have for some dayb…",,1
sn84023127,"burlington free press (burlington, vt.) 1827-1865",burlington,chittenden,vermont,weekly,taylor-1850,1850-07-12,17,yes,1850-07-19,2,https://www.loc.gov/resource/sn84023127/1850-07-19/ed-1/?sp=2&q=death+president+taylor,https://tile.loc.gov/image-services/iiif/service:ndnp:vtu:batch_vtu_adamant_ver01:data:sn84023127:0028077697A:1850071901:0117,death of the president,"…ill, and would probthly not survive an hour. ik thereupon moved an adjournment which was carried. weilnc-div. july 10th. senate. speeches were made by metsrs. webster, on, pierce, king, and hurried, in reference to the death of the president. mr. harriett eulogized the de ceased in eloquent and ardent laugu igo, ns a man, n general, and a president, and invoking tbo burial of party uniinosilies for a proper ob servance of the occasion. his remarks causod t…",,3
sn84024443,"the athens post (athens, tenn.) 1848-1917",athens,mcminn,tennessee,weekly,taylor-1850,1850-07-19,31,yes,1850-07-19,3,https://www.loc.gov/resource/sn84024443/1850-07-19/ed-1/?sp=3&q=death+president+taylor,https://tile.loc.gov/image-services/iiif/service:ndnp:tu:batch_tu_nancy_ver01:data:sn84024443:00280779210:1850071901:0104,death. the president,"…destruction n tne other."" j he confession then goes on to late the manner in which the bodv was subsequently dismembered, ate, nut these details are so horrible that we must be excused from copying mem. the president's death. the president of the united states has just breathed his inst. the cham ncr in wmcn tie died is tilled with an anxious and synrpathiaing crowd. ilow often shall we have to exclaim. in the memorable winds of edmund rurke, what shadows…",,5
sn84024652,"republican vindicator (staunton, va.) 1849-1857",staunton,,virginia,weekly,taylor-1850,1850-07-15,22,yes,1850-07-15,2,https://www.loc.gov/resource/sn84024652/1850-07-15/ed-1/?sp=2&q=death+president+taylor,https://tile.loc.gov/image-services/iiif/service:ndnp:vi:batch_vi_klepper_ver02:data:sn84024652:00393348677:1850071501:0285,death of the president,"…our can didates will be elected by a triumphant majority. notice.—mr., stephenson, of highland, will address the people of augusta, at green ville, on saturday thu 20ih, and at staunton, on the 4tli monday, [court day.] death of the president of the u. states. from the baltimore sun, of wednesday. with more than ordinary feelings of regret, we this morning announce to our lellow-cit'/erisi! that death has again chosen a “shining mark”—§ that his mourning sha…",,1
sn84024735,"richmond enquirer (richmond, va.) 1815-1867",richmond,richmond,virginia,semiweekly,taylor-1850,1850-07-12,74,yes,1850-07-12,1,https://www.loc.gov/resource/sn84024735/1850-07-12/ed-1/?sp=1&q=death+president+taylor,https://tile.loc.gov/image-services/iiif/service:ndnp:vi:batch_vi_blass_ver01:data:sn84024735:0041566431A:1850071201:0418,death of president 7.achary taylor,"…en. also, a full amopswnt ol 1 j i. and all otlier tiiidui'.'k. at lowest price*, for a, m e m newburn, r;hliaklin street, opixiwte \ortk eud of old maxlce'. j richmond enquirer* j t1iursdav mohv1no. jwiiv it. l8flo*__| death of president 7.achary taylor. early yesterday morning, we received the i??uo\n in,-^ l mournful despatch, dated at washington late on 1 ucsda) t v, washington, july '""j""- i'-ist jo. i the president ??f the ii. states wr.'.ii'u j lu-. a: mi p nut?v?…",,1
sn84024649,lynchburg virginian (lynchburg [va.]) 1829-185?,lynchburg,,virginia,semiweekly,taylor-1850,1850-07-11,25,yes,1850-07-18,2,https://www.loc.gov/resource/sn84024649/1850-07-18/ed-1/?sp=2&q=death+president+taylor,https://tile.loc.gov/image-services/iiif/service:ndnp:vi:batch_vi_exmoor_ver01:data:sn84024649:00393347934:1850071801:0379,taylor is dead,"…the one that was mightier than lie, could only arrest his pro gress. so, the fall of gen. taylor, is illudru nve ol the power of g id, that power which no human authority can resist. ""e repeal the announcement, general taylor is dead. i he lart is written upon the gloom with which we are surrounded. as a nation, we feel the ins-; as a people, we deplore the file of one so gifted and great. yet we must bow in submis sion. we shall not now pause to eu…",,7
sn84026403,"sunbury american (sunbury, pa.) 1848-1879",sunbury,northumberland,pennsylvania,weekly,taylor-1850,1850-07-13,19,yes,1850-07-13,2,https://www.loc.gov/resource/sn84026403/1850-07-13/ed-1/?sp=2&q=death+president+taylor,https://tile.loc.gov/image-services/iiif/service:ndnp:pst:batch_pst_deike_ver01:data:sn84026403:00280776026:1850071301:0100,death of the president,"…no. 220 market ssreet, have always on hand liquors, wines, etc., of the finest quality. these are selected with great care snd will always give satisfaction. their advertisement will be found in our advertising columns. death of the president. general z a chary taylor, president of the united states died of bil ious cholera, at the white house, at 35 minutes past 10 oclock, p. m. of tuesday. the hero who rode in triumph over the bloody fields of palo alto am…",,1
sn84026365,"the north star (rochester, n.y.) 1847-1851",rochester,monroe,new york,weekly,taylor-1850,1850-07-11,13,yes,1850-07-18,3,https://www.loc.gov/resource/sn84026365/1850-07-18/ed-1/?sp=3&q=death+president+taylor,https://tile.loc.gov/image-services/iiif/service:sgp:sgpbatches:batch_dlc_bluebell_ver02:data:sn84026365:00222418240:1850071801:0003,taylor expired,"…tled. shall net the crisis now hanging over the order receive iftia attention i—nvw 1 —nvw engender. death of the pieiideit of the ueiteii states. the startling intelligence is announced by the telegraph, that president taylor expired at washington on tuesday night last, at thirty-fire minutes past 10 o’clock, after a very short illness of diarrhoea, ending in con gestion of the brain. the vice-president and cabinet, the mayor, and marshal of the dis…",,4
sn84026472,"the hillsborough recorder (hillsborough, n.c.) 1820-1879",hillsboro,orange,north carolina,weekly,taylor-1850,1850-07-17,12,yes,1850-07-17,3,https://www.loc.gov/resource/sn84026472/1850-07-17/ed-1/?sp=3&q=death+president+taylor,https://tile.loc.gov/image-services/iiif/service:ndnp:ncu:batch_ncu_hawk_ver02:data:sn84026472:00416156360:1850071701:0320,death of zachary taylor,"…sequence of intelligence having .been received of the extreme illnese of the preaidenl on wednesday.immediately after the can ef the house, a message waa received from millard fillmore bte vice president, announcing the death of zachary taylor, lata prea dent of the united 8uues, aod stating that at 12 o'clock be wjukl be prepared to take the oath of office, be fore lha two houses, as president of ilia united ia a...... i lesret at the deaili f grn. zachary t…",,3
sn84026561,"spirit of the age (raleigh, n.c.) 1849-1865",raleigh,wake,north carolina,weekly,taylor-1850,1850-08-23,2,yes,1850-08-23,3,https://www.loc.gov/resource/sn84026561/1850-08-23/ed-1/?sp=3&q=death+president+taylor,https://tile.loc.gov/image-services/iiif/service:ndnp:ncu:batch_ncu_black_ver02:data:sn84026561:00415667802:1850082301:0010,mourn the death of president taylor,"…the operation of the, generous man is simply existing license law"" yet in ouropinloves specie, the other his $$f some of the papers think the friends ot temperance have much reason without any reference to politics, to mourn the death of president taylor. he was strict teetotaler for more than 20 years ana ior several years previous to his bril liant career in mexico he not only caused temperance societies to be formed among the soldiers, at the garrison under his com m…",,1
sn84026752,the national era (washington [d.c.]) 1847-1860,washington,,district of columbia,weekly,taylor-1850,1850-07-11,40,yes,1850-07-18,2,https://www.loc.gov/resource/sn84026752/1850-07-18/ed-1/?sp=2&q=death+president+taylor,https://tile.loc.gov/image-services/iiif/service:ndnp:dlc:batch_dlc_elf_ver03:data:sn84026752:00415620354:1850071801:0126,death of president taylor,"…in 1844, being the whig candidate for the office of governor in new york, he was beaten by silas wright. in 1847, he was chosen controller of the state; in 1848, vice president of the united states, and in 1850, by the death of president taylor, he became invested with the office of president. 14 fill 41 l mr. r luuivrr in n uian ui uuv j'nrwult, uiuuu dignity, and groat aui?nity of manners. he is an amiable, excellent gentleman, and thus far, has been diligen…",,5
sn84026536,"wilmington journal (wilmington, n.c.) 1844-1895",wilmington,new hanover,north carolina,weekly,taylor-1850,1850-07-12,43,yes,1850-07-12,2,https://www.loc.gov/resource/sn84026536/1850-07-12/ed-1/?sp=2&q=death+president+taylor,https://tile.loc.gov/image-services/iiif/service:ndnp:ncu:batch_ncu_lumber_ver01:data:sn84026536:00295879063:1850071201:0564,death of president taylor,"…iv. c, friday, july 1, 1850. democratic nominations. for oovernoe, col. david s. itkid, of rockingham. if kw-hanover county for the senate, nicholas n. nixon, esq. for the house op commoxs, john d. towers. william hill. death of president taylor. gen. zachart taylor, president of the united states, died in washington at thirty-five minutes past ten on tuesday night, the 9th inst. on the morning of thursday, the 4th inst., he was attacked with chole ra morbus, b…",,2
sn84026824,"shepherdstown register (shepherdstown, va. [w. va.]) 1849-1955",shepherdstown,jefferson,west virginia,weekly,taylor-1850,1850-07-16,18,yes,1850-07-16,2,https://www.loc.gov/resource/sn84026824/1850-07-16/ed-1/?sp=2&q=death+president+taylor,https://tile.loc.gov/image-services/iiif/service:ndnp:wvu:batch_wvu_antares_ver02:data:sn84026824:00271767742:1850071601:0134,funeral obsequies of /achary taylor,"…country is called to an occasion of unexpected, deep and gencial mourn ing 1 recommend to the two houses of con gress to adopt such measures as, in theii discretion may seem proper, to pet form with due solemnities the funeral obsequies of /achary taylor, late president of un united states and thereby to signify the ?jreat anil affectionate regard ot the amer ican people for the memory of one whose life has been devoted to the public ser vice whose career in arms lias n…",,1
sn84026897,"edgefield advertiser (edgefield, s.c.) 1836-current",edgefield,edgefield,south carolina,weekly,taylor-1850,1850-08-14,1,no,,,,,,,,1
sn84026912,"keowee courier (pickens court house, s.c.) 1849-current",walhalla,oconee,south carolina,weekly,taylor-1850,1850-07-12,22,yes,1850-07-26,2,https://www.loc.gov/resource/sn84026912/1850-07-26/ed-1/?sp=2&q=death+president+taylor,https://tile.loc.gov/image-services/iiif/service:ndnp:scu:batch_scu_henryjohnson_ver01:data:sn84026912:00211109981:1850072601:0251,"death, reported a joint rcsolu tion requesting the president","…ladelnhii in favor of the adjustment bill be fore the senate, and expressing grat itude to messrs. 'lay ond webster mr. webster* from the joint com mittee appointed to make arrange ments in regard to president tay lor's death, reported a joint rcsolu tion requesting the president to trans mjt to the family of the deccasec president, the proceedings of tlu two houses on the occasion of his decease, and tender their sympathies and condolence on the afllictintr dis ?r n -1 jjciisauwii ui 1 luvmt'ii…",,7
sn84028793,"the cadiz sentinel (cadiz, ohio) 184?-1851",cadiz,harrison,ohio,weekly,taylor-1850,1850-07-10,19,yes,1850-07-10,3,https://www.loc.gov/resource/sn84028793/1850-07-10/ed-1/?sp=3&q=death+president+taylor,https://tile.loc.gov/image-services/iiif/service:ndnp:ohi:batch_ohi_julian_ver02:data:sn84028793:00296026669:1850071001:0516,death of gen. taylor,"…at 95 to-day in tho shade. the mexican soldier, w learn from the stauiman, bad a fine time of it on the fourth, tbe proceeding are not gi vein when they are pub' lithtd, we thall endeavor to furnish a tynnniis of thcai. death of gen. taylor l'.l. h. fur wrrel. f r iti.lel .1 to a w.""n,""""inj i iiio ws-.w ck, e.q 'he n nm, n,v rcy!ri;l djh-tnlor ut lit tal!nii tint tit t! the 11 rlin lui-. no dou-t' ititclii. i' d""ar id strictly true. tice wltliiii n few yea…",,1
sn84031524,"the liberator (boston, mass.) 1831-1865",boston,suffolk,massachusetts,weekly,taylor-1850,1850-07-12,38,yes,1850-07-12,3,https://www.loc.gov/resource/sn84031524/1850-07-12/ed-1/?sp=3&q=death+president+taylor,https://tile.loc.gov/image-services/iiif/service:ndnp:mb:batch_mb_selene_ver01:data:sn84031524:print:1850071201:4097,death of the president,"…. the whole amount of tho collections was $94 17. —s. m., jr. crr” the letter to martin stowell, on our first page, signed h. haynsworth, was from sumpterville, sump ter district, s. c., and received a few months since. death of the president of the united states. the startling intelligence is announced by the tele graph, that president taylor expired at washington on tuesday night last, at thirty-five minutes past 10 o'-cloek, after a very short illness of…",,3
sn84038582,"the ottawa free trader (ottawa, ill.) 1843-1916",ottawa,la salle county,illinois,weekly,taylor-1850,1850-07-13,9,yes,1850-07-13,2,https://www.loc.gov/resource/sn84038582/1850-07-13/ed-1/?sp=2&q=death+president+taylor,https://tile.loc.gov/image-services/iiif/service:ndnp:iune:batch_iune_bibliography_ver01:data:sn84038582:00212472049:1850071301:0594,death of presment taylor,"…ts of, the grasses, whence it is washed out in the spring.! lu form a new layer of bark and wood, to form leaves, and fred the blossoms nnd fruit 'ustice a3 equality. hii: ottawa fjiki:tkam:i: httaimi, jtihi 13, 1-so t7 death of presment taylor. we ue enahlcj on wednesd.iv moi 'linjr. with n d. hours ui ior the event, to announce in tin eo!i' of this cot try, he an extra, the mo-netit,..i.b presi.le.it zchuv, ute!: cenco of ihe death of v i v ii i ii.- t..-.-a…",,1
sn85025007,"alexandria gazette (alexandria, d.c.) 1834-1974",alexandria,alexandria,virginia,daily,taylor-1850,1850-07-10,112,yes,1850-07-11,2,https://www.loc.gov/resource/sn85025007/1850-07-11/ed-1/?sp=2&q=death+president+taylor,https://tile.loc.gov/image-services/iiif/service:ndnp:vi:batch_vi_crawdads_ver01:data:sn85025007:00414215841:1850071101:0381,death or the president,"…dvertising.—three insertionsot one >.)iiare,toi one d« >lla r. yearly advert ise r sat s pee i lied. a tes. noiubseription received from theeountry, »'iiles> accompanied by thecash, or by responsible alexandria. thckspw death or the president oi <1»‘ l uited states. it was but on tuesday that we receive,! certain assurances of the illness of the i’rwment to-ilay, we have to announce his dka1 h. 1 he nation will stand astonished at the awiul sud denness of th…",,3
sn85025182,"the star of the north (bloomsburg, pa.) 1849-1866",bloomsburg,columbia,pennsylvania,weekly,taylor-1850,1850-07-11,10,yes,1850-07-11,2,https://www.loc.gov/resource/sn85025182/1850-07-11/ed-1/?sp=2&q=death+president+taylor,https://tile.loc.gov/image-services/iiif/service:ndnp:pst:batch_pst_hershey_ver01:data:sn85025182:00296028393:1850071101:0080,death of president taylor,"…minations. election held get. 8, 1850. for canal commissionf.r, w. t.morison. for auditor general, eph. banks. tor surveyor general, j. p. -brawley. idea rh of the president. ""it becomes our sad duty to-day'o record the death of president taylor—the chief magis trate of the union. the afflicting dispen sion will be a subject of melancholy reflec tions throughout all the land. he was a man who serced well his country on the ten ted battle-field, and in fact spen…",,1
sn85026051,"fremont weekly freeman (fremont, sandusky county, ohio) 1850-1853",fremont,sandusky,ohio,weekly,taylor-1850,1850-07-13,34,yes,1850-07-13,2,https://www.loc.gov/resource/sn85026051/1850-07-13/ed-1/?sp=2&q=death+president+taylor,https://tile.loc.gov/image-services/iiif/service:ndnp:ohi:batch_ohi_ingstad_ver01:data:sn85026051:00296027029:1850071301:0027,death of gen. taylor,"…he nation from being plunged into inextricable difficulty. god for bid that we judge this calamity correctly, but at present, the future looks dark and gloomy before ua and we see no escape from impend mg dangers. t the death of gen. taylor will fall upon the nation, like a clap of thunder in a clear sky. it was not foreshadowed by any apparent de cay or infirmity. but yesterday he stood in the midst of the people, apparently in full health like a lusty wi…",,1
sn85026203,"the portsmouth inquirer (portsmouth, o. [ohio]) 1849-1855",portsmouth,scioto,ohio,weekly,taylor-1850,1850-07-15,34,yes,1850-07-15,2,https://www.loc.gov/resource/sn85026203/1850-07-15/ed-1/?sp=2&q=death+president+taylor,https://tile.loc.gov/image-services/iiif/service:ndnp:ohi:batch_ohi_drake_ver01:data:sn85026203:0029602756A:1850071501:0061,death of gen. taylor,"…dressed the convention, and thanked them for the honor conferred upon him by the. nomination. alter two or three unimportant motions, the convention adjourned sine die. barnalus burns, pres't, j. l. vallinmngham, sec'y. death of gen. taylor. the particulars of ibis molimclioly event will be found among our telegraphic dis patches. in common with ull american citizens, it is ono which we sincerely de plore."". the name of general zaciiahy taylok, must nlwnys…",,1
sn85038076,"blue hen's chicken (wilmington, del.) 1848-1854",wilmington,new castle,delaware,weekly,taylor-1850,1850-07-12,2,yes,1850-07-12,2,https://www.loc.gov/resource/sn85038076/1850-07-12/ed-1/?sp=2&q=death+president+taylor,https://tile.loc.gov/image-services/iiif/service:ndnp:deu:batch_deu_lumos_ver01:data:sn85038076:00271741807:1850071201:0053,death of the nation's favo:i taylor,"…e turned of its favorite from the mournful obsequi bis constitutional successor, 11 of eminent abilities chief, milliard fillmore, a j great experience in affairs of state, upon e of president has fallen by whom the the death of the nation's favo:i taylor. we bespeak for him tha c.» li lance pport of the whole arasriean people— and course merits it.— qaneral his previous char with him and his administration let the chris rule be observed by their fruits ye shall by their…",,1
sn84026784,"virginia free press (charlestown, va. [w. va.]) 1832-1916",charles town,jefferson,west virginia,weekly,taylor-1850,1850-07-12,22,yes,1850-07-19,3,https://www.loc.gov/resource/sn84026784/1850-07-19/ed-1/?sp=3&q=death+president+taylor,https://tile.loc.gov/image-services/iiif/service:ndnp:wvu:batch_wvu_goalby_ver01:data:sn84026784:00514157327:1850071901:0224,"death, reporied a joint resolution requesting the president","…mr. webber, wfarh was onanimmslvadoptedthe homethea adjourned oeer to saturday. h ike sex <re, «i afasdoy, mr. webster, from the committee of the two houses, appointed to make arrangements in regard to president tnyfarv death, reporied a joint resolution requesting the president to transmit to the fa mile of the deceased president. the proceedings of the two house* on ffce occasion of hi* decease, at i miihm and reader the sympathies and con dolence on the lateijispenkaiiott of providence, and…",,4
sn85038121,"gallipolis journal (gallipolis, ohio) 1837-1919",gallipolis,gallia,ohio,weekly,taylor-1850,1850-07-11,27,yes,1850-07-11,2,https://www.loc.gov/resource/sn85038121/1850-07-11/ed-1/?sp=2&q=death+president+taylor,https://tile.loc.gov/image-services/iiif/service:ndnp:ohi:batch_ohi_edgar_ver01:data:sn85038121:00280775502:1850071101:0013,death of general taylor,"…e of tl 75, in advance q&ce in telegraph building, parfertl 8-iaare. gallipolis. thcbddlti jclt ii. for governor. w1ltaam johnston. of hamilton county. for board ottcblic works. alexander g. conover, of auglaize county. death of general taylor. tji redort was tuesday evening, of the demise of gen tatlok, president of the united states.j we attempted to ascertain the truth in regard to the matter, but could notleirn( tfct it had any foundation in fact-4t was n…",,2
sn85040305,"kenosha telegraph (kenosha, wis.) 1850-1854",kenosha,kenosha,wisconsin,weekly,taylor-1850,1850-07-12,18,yes,1850-07-12,2,https://www.loc.gov/resource/sn85040305/1850-07-12/ed-1/?sp=2&q=death+president+taylor,https://tile.loc.gov/image-services/iiif/service:ndnp:whi:batch_whi_dynamite_ver01:data:sn85040305:00514151349:1850071201:0010,death of gen. taylor,"…ppe, ex king of france, in which he takes occasion to deny that he ever taught school in haddonfield, new jersey, or ever went by any other name than that of orleans when in the united states. important from washington. death of gen. taylor. news has just been received of the death of president taylor. he died on tuesday night of cholera morbus. new york, july 4th, 1850- “a couple of hours with the spirits.” mr, editor. lour readers, who take any interest…",,1
sn84024718,"staunton spectator (staunton, va.) 1849-1896",staunton,,virginia,weekly,taylor-1850,1850-07-10,23,yes,1850-07-17,2,https://www.loc.gov/resource/sn84024718/1850-07-17/ed-1/?sp=2&q=death+president+taylor,https://tile.loc.gov/image-services/iiif/service:ndnp:vi:batch_vi_kernals_ver02:data:sn84024718:00414183736:1850071701:0112,death of gen. zachary taylor,"…assistance'll as may be deemed necessary. jdk atm op phesibkm taylor. ""lo. the an»el of death on the capitol stands with a tear on his cheek and a scroll iu his hands."" we announce with feelings of profound sorrow, the death of gen. zachary taylor, the people’s president, the patriot soldier and the hones', man. not ainid the thunders of his native element—the smoke of battle and the crash of arms—but in the calm retirement of his chamber in the white house the n…",,6
sn85042796,"the camden journal (camden, s.c.) 1836-1851",camden,kershaw,south carolina,semiweekly,taylor-1850,1850-07-12,21,yes,1850-07-12,2,https://www.loc.gov/resource/sn85042796/1850-07-12/ed-1/?sp=2&q=death+president+taylor,https://tile.loc.gov/image-services/iiif/service:ndnp:scu:batch_scu_albinoskunk_ver02:data:sn85042796:00202193973:1850071201:0220,death of president taylor,"…ut eonldl we deprive her of her state existence? could! wo remand tier to a territorial conuiwons ufi so, where is the authority ami how could itij he done? b toe joumna1l. i camden, s. c. friday evening, july 12, i860. death of president taylor. by a telegraphic despatch, on wednesday morning last, we received intelligence of the death of president taylor, which has been confirmed by further information from washington. he expired at halfpast ten o'clock, on|…",,1
sn85042204,"tarboro' press (tarborough, (edgecombe co., n.c.)) 1835-1851",tarboro,edgecombe,north carolina,weekly,taylor-1850,1850-07-13,11,yes,1850-07-20,2,https://www.loc.gov/resource/sn85042204/1850-07-20/ed-1/?sp=2&q=death+president+taylor,https://tile.loc.gov/image-services/iiif/service:ndnp:ncu:batch_ncu_dan_ver01:data:sn85042204:00296023073:1850072001:0519,death of presiilcrtt taylor,"…e fourth thursday,? radway,s chinege m(dicalcdsow 4z5 july in st. j?. 7?. biidgers, esq.s t. r, 7 i it is approved of by all the grcal men takoorougif saturday, july 20, is50. for governor, david s. reid, of rockingham. death of presiilcrtt taylor. gcn.'&ichary taylor, 'president -of thr united states, died in washington city could not be the friend of equal sufirageson tuesday night the 9th inst: in the g7u c1 year of his age. on thursday (the 4th ,r r i u u f c…",,2
sn86053240,"the sumter banner (sumterville, s.c.) 1846-1855",sumter,sumter,south carolina,weekly,taylor-1850,1850-07-24,8,yes,1850-07-24,3,https://www.loc.gov/resource/sn86053240/1850-07-24/ed-1/?sp=3&q=death+president+taylor,https://tile.loc.gov/image-services/iiif/service:ndnp:scu:batch_scu_cootiestark_ver01:data:sn86053240:00237288488:1850072401:0234,death. the young oet-of the president,"…41 months old. mr. fillmore is the next youngest, being at the *present timo fifty years 07d. jackson was the oldest of theflresidents at thio time of *his retirement,' and john adtuns was the oldest at the time of his death. the young oet-of the presidents at the time of his re ,tiremnent and his death was james k. l'olk. a sitaruti7 incfdent.-it is stated that during the first few days of the reign of4.een victoria, then a girl between 19) sd 20 years of age, some sente…",,1
sn85055197,"lewisburg chronicle (lewisburg, pa.) 1850-1859",lewisburg,union,pennsylvania,weekly,taylor-1850,1850-07-10,18,yes,1850-07-17,2,https://www.loc.gov/resource/sn85055197/1850-07-17/ed-1/?sp=2&q=death+president+taylor,https://tile.loc.gov/image-services/iiif/service:ndnp:pst:batch_pst_fenske_ver02:data:sn85055197:0028077635A:1850071701:0179,death of pres. taylor,"…house of barnet, neshit (iarretson. the number of i uildings destroyed by this terrible fire is stated at 367 killed, from so to 50 w.itnded. from 100 to 150 drowned and missing, titi to 30 lilttfu wauled in lcwisl i lr death of pres. taylor!! fiom the washington union of july 10. tuesday, july 9, 8 j v. m. the tres dent's critical position has, for the last hree days, excited the deepest interest in his eity. yesterday both houses of con .acss adjourned, i…",,3
sn86053954,"jeffersonian republican (stroudsburg, pa.) 1840-1853",stroudsburg,monroe,pennsylvania,weekly,taylor-1850,1850-07-11,15,yes,1850-07-11,2,https://www.loc.gov/resource/sn86053954/1850-07-11/ed-1/?sp=2&q=death+president+taylor,https://tile.loc.gov/image-services/iiif/service:ndnp:pst:batch_pst_borland_ver01:data:sn86053954:0023728169A:1850071101:0018,"death was ea,m and peaceful. gen. taylor","…j l0 he house, secured ihcir services, the mechanics or janitor. 1 know nothing about alraced ine robbers to a piece of wood, and ihcre ihem, and should never be likely to notice themai a stt? ""jssi af'"" lhe a""6sl ""t m' death was ea,m and peaceful. gen. taylor's -f train wn nrfimnitrtp d into the creek, bv ,1 i bcjc w i tin. dimous cnoiera morous. ra rramn qp .,r,nn-r1 -it ,1 uwi1icu ulfl c1iuiu-1 ""iiu uicuiaii ai- -j.--- o 1 j.miu un..x i.lmn hlrtian in wficninflr.n 0 oe.rai…",,1
sn85042147,"the north-carolina standard (raleigh, n.c.) 1834-1850",raleigh,wake,north carolina,weekly,taylor-1850,1850-07-10,30,yes,1850-07-13,2,https://www.loc.gov/resource/sn85042147/1850-07-13/ed-1/?sp=2&q=death+president+taylor,https://tile.loc.gov/image-services/iiif/service:ndnp:ncu:batch_ncu_alligator_ver01:data:sn85042147:00296022627:1850071301:0126,"death, says ""the president","…""ten o'clock. tbia event will"" startle the people of thirty states i 1 as. sv- ;anu can torth general regret and mourning. the union of wednesday morning, in an artiel e prepared out an hour or so before the presid em's death, says ""the president's critical condition has, for the last three days, excited the deepest interest in this gv 1 eweroay both houses of congress adjourned, otttin 7rjfftsbls& in the senate, and mr. bayly in the house; and ootn motions were…",,2
sn86053688,"the planters' banner (franklin, attakapas co., lou.) 1849-1872",franklin,saint mary,louisiana,weekly,taylor-1850,1850-07-11,3,no,,,,,,,,3
sn86071377,"the mountain sentinel (ebensburg, pa.) 1844-1853",ebensburg,cambria,pennsylvania,weekly,taylor-1850,1850-07-11,17,yes,1850-07-11,2,https://www.loc.gov/resource/sn86071377/1850-07-11/ed-1/?sp=2&q=death+president+taylor,https://tile.loc.gov/image-services/iiif/service:ndnp:pst:batch_pst_kern_ver01:data:sn86071377:00212477618:1850071101:0262,taylor dead,"…selected byferhcient othcer, bemg intimately acquain. j l.iiin 111 ij -uiiic 1icuu1c cl 111 uu1ucu t i 1 t i i ij. i, i i i i chains as he sudden y leaped forward to hoarded guinea and these he leads intol. fl. ,f grn. taylor dead: we have just learned that gen. zach art tav.wr, president of the united stite; is dead! he died at 11 o'clock on tues day evening test. his disease is said to have been the chrouic diarrhoea. thus another of the great…",,1
sn86063325,"glasgow weekly times (glasgow, mo.) 1848-1861",glasgow,howard,missouri,weekly,taylor-1850,1850-07-11,14,yes,1850-07-18,2,https://www.loc.gov/resource/sn86063325/1850-07-18/ed-1/?sp=2&q=death+president+taylor,https://tile.loc.gov/image-services/iiif/service:ndnp:mohi:batch_mohi_henri_ver01:data:sn86063325:00200292455:1850071801:0381,death of president taylor,"…ct jno. g. millers tf c'ir.rell. district 5vot!u""d, clnrk, l""w, monree boon, i!j toitl, chariton, randolph, mn con, s!n -ii-y cooper, morgan, cole, mil icr, cri dm, moniteau, schuyler, em kr.ox ccuiuhs. u l a s o x 31 o death of president taylor president taylor died at washing ton, on tuesday night, o.h inst., at half past 10 o'clock. the iif-j and deeds of this great ar,' cnod man nro too fresh in the min is n( the american people to need recapitu lation, to…",,2
sn86071855,"daily richmond times (richmond, va.) 1849-1850",richmond,,virginia,daily,taylor-1850,1850-07-13,34,yes,1850-07-13,1,https://www.loc.gov/resource/sn86071855/1850-07-13/ed-1/?sp=1&q=death+president+taylor,https://tile.loc.gov/image-services/iiif/service:ndnp:vi:batch_vi_icelandic_ver01:data:sn86071855:00393348355:1850071301:0012,died at the president,"…hington, july 9, 1850. s millard fillmore, president of the u. states: sir the melancholy and most painful duty devolves on us to announce to you that zachary taylor, late president of the united states, is no more. lie died at the president's mansion this evening, at half past 10 o’clock. we havo the honor to be, very respectfully, your obe dient servants, john m. clayton, secretary of state. w. m. meredith, secretary ofthe treasury. t. ewing, secretary of…",,1
sn86058217,"richmond palladium (richmond, ia [i.e. ind.]) 1839-1854",richmond,wayne,indiana,weekly,taylor-1850,1850-07-10,11,yes,1850-07-24,2,https://www.loc.gov/resource/sn86058217/1850-07-24/ed-1/?sp=2&q=death+president+taylor,https://tile.loc.gov/image-services/iiif/service:ndnp:in:batch_in_indianapolisolympians_ver02:data:sn86058217:00271744766:1850072401:0534,death of the president,"…hat he had to say on this subject, but before the senator! had concluded the senate adjourned in consequence of the illness of the prcsi dent, which terminated in his death. af ter a few touching remarks relative to the death of the president, and consequences arising therefrom, ana an eloquent aflu ;an ik. r;,..,.m,i r i.:- .t-.u the consciousness of duty performed; an of the honor, gratitude, and love of his country, mr. tvcbtpr proceeded with his remarks.…",,4
sn86083363,"the miners' express (dubuque, iowa) 1849-1854",dubuque,dubuque,iowa,weekly,taylor-1850,1850-07-10,35,yes,1850-07-17,2,https://www.loc.gov/resource/sn86083363/1850-07-17/ed-1/?sp=2&q=death+president+taylor,https://tile.loc.gov/image-services/iiif/service:ndnp:iahi:batch_iahi_abra_ver01:data:sn86083363:0041566882A:1850071701:0495,died. gen. taylor,"…he disease of which the president died was diarrhoea which he contracted in mexico, [resembling the cholera. the attack had been [coming on since the 4th of julyon the .jth (he was confined to his bed, but he was not he died. gen. taylor's last words were: ""i am prepared—i have endeavored to do my duty."" congress--action on the death of the pres ident. on the 10th inst., at 11 o'clock, in the senate, after prayer by rev. mr. butler, two communi cations…",,3
sn86086768,"wisconsin tribune (mineral point, wis.) 1847-1854",mineral point,iowa,wisconsin,weekly,taylor-1850,1850-07-12,14,yes,1850-07-19,2,https://www.loc.gov/resource/sn86086768/1850-07-19/ed-1/?sp=2&q=death+president+taylor,https://tile.loc.gov/image-services/iiif/service:ndnp:whi:batch_whi_inez_ver01:data:sn86086768:00271769751:1850071901:0354,death of president taylor,"the t r i li li e mineral point, july 19, isso. deutii of tiie president. the sad, the melancholy news of the death of president taylor, is confirmed, his mortal remains were committed to their last resting place, at washington, on saturday, the 13th. we give to-day all that we have received relating to the ceremonies. mr filmoue has taken the requisite…",,3
sn87065702,"southern christian advocate (charleston, s.c.) 1837-1948",augusta,richmond,georgia,weekly,taylor-1850,1850-07-19,14,yes,1850-07-19,2,https://www.loc.gov/resource/sn87065702/1850-07-19/ed-1/?sp=2&q=death+president+taylor,https://tile.loc.gov/image-services/iiif/service:ndnp:scu:batch_scu_asparagus_ver01:data:sn87065702:00517013523:1850071901:0117,death of president taylor,"…e work. we are looking forward to and praying for a gracious outpouring of the spirit of the lord. may god’s blessing rest upon the mis sionary cause. j. m. austin. july 3. christian advocate. charleston, july 19. 1860. death of president taylor. on the night of the 9th inst., at half-past 10 o’clock, president zachary taylor died at washington city. the intelligence of this event comes upon the country with startling suddenness. one day we read in the gazettes…",,1
sn87065704,"the yazoo democrat (yazoo city, miss.) 1844-18??",yazoo city,yazoo,mississippi,weekly,taylor-1850,1850-08-07,7,yes,1850-09-12,1,https://www.loc.gov/resource/sn87065704/1850-09-12/ed-1/?sp=1&q=death+president+taylor,https://tile.loc.gov/image-services/iiif/service:ndnp:msar:batch_msar_cloudchaser_ver01:data:sn87065704:00295877571:1850091201:0699,death of zachary taylor,"…me, and in reply, i thank you for the compliment implied in your request, and herew ith submit the man uscript of the discourse, to your disposal. very truly your friend, w.caltey cltane. djscours f, arnioriuati: to the death of zachary taylor. 12 rn f(u.siii:vr oi tiik united statks, drlivcml in the 1 tp'ist church, yazoo city, miss., aug. 25th. ltioo, ny carey crane. ire a!l of one great prival family of man, ad american, rejmcing in the common blood of the…",,6
sn87070038,"the lancaster gazette (lancaster, ohio) 1846-1852",lancaster,fairfield,ohio,weekly,taylor-1850,1850-07-12,34,yes,1850-07-12,3,https://www.loc.gov/resource/sn87070038/1850-07-12/ed-1/?sp=3&q=death+president+taylor,https://tile.loc.gov/image-services/iiif/service:ndnp:ohi:batch_ohi_drake_ver01:data:sn87070038:00296028058:1850071201:0660,taylor la no more,"…wna in daogeroue'coii'ditldu, waa thronged with visiters t the duties ut tile lateral departments were suspended; snd art universal anciety waa witnessed upon ilniom every bouitkehanee. the president ii ho riinre geii. taylor la no more. he who fouglil so iiioceiatully for hit cooutry and labored so assiduously tor her ibter eata aud glory, bus been atricken down in the hour when moat needed, and bia dealt! will ciist a nnivertal gloom over the america…",,2
sn87090127,"the organizer (oxford, miss.) 1845-18??",oxford,lafayette,mississippi,,taylor-1850,1850-07-13,4,yes,1850-07-13,2,https://www.loc.gov/resource/sn87090127/1850-07-13/ed-1/?sp=2&q=death+president+taylor,https://tile.loc.gov/image-services/iiif/service:ndnp:msar:batch_msar_eiffel_ver02:data:sn87090127:0029587756A:1850071301:0115,death of president taylor,"…ph h hihjllfl mm bfbieiiwtfwi the organizhr.i benjamin p. dill, editor. william dct.av, printer and publisher, oxford, x&x., :itiii'l:ty, july 1, lso. death of the toidem. we put our paper in mourning on ac count of the death of president taylor. lie died 30 minutes past 10 o'clock, p m. on tuesday last, the 9th inst., of clwlera morbus. this will be regarded as a great calamity. the south can now look for nolan answer to tliis question;"" and con dcr'the ""jacks…",,1
sn87090283,"the port gibson herald, and correspondent (port gibson, claiborne co., miss.) 1848-18??",port gibson,claiborne,mississippi,weekly,taylor-1850,1850-07-19,11,yes,1850-07-19,3,https://www.loc.gov/resource/sn87090283/1850-07-19/ed-1/?sp=3&q=death+president+taylor,https://tile.loc.gov/image-services/iiif/service:ndnp:msar:batch_msar_ikat_ver01:data:sn87090283:00199917365:1850071901:0299,death of the president,"…ti au e speculation, and most ose engaged in it, are becoming heartily tired.« mr. booth mentions in his letter, the death samuel f. boyd, esq., formerly of this a notice of whose death we nntdish in .inntho-ärvn column death of the president on saturday evening last, our codimunitvl oouimumiy« was snocked by the reception of an extra 0 f| the vicksburg whig, containing a copy of a0t telegraphic despatch from washington tob memphis, announcing the sad intell…",,1
sn88064476,"southern sentinel (plaquemine, parish of iberville [la.]) 1848-1858",plaquemine,iberville,louisiana,weekly,taylor-1850,1850-07-13,14,yes,1850-07-20,2,https://www.loc.gov/resource/sn88064476/1850-07-20/ed-1/?sp=2&q=death+president+taylor,https://tile.loc.gov/image-services/iiif/service:ndnp:lu:batch_lu_blastoise_ver01:data:sn88064476:00295876050:1850072001:0119,funeral of general taylor,"…hart is determined that she »ball be unsurpassed in speed or magnifi cence. there is every reason to believe that this new boat of capt. hart's will take them all, for style, furniture, speed and accommoda tions. d* the funeral of general taylor was a magnificent pageant, similar to that of general harrison. s3"" mr. webster bat agreed to accept the .state department. the remaiis of ges. taylor .—the re mains of gen. taylor, says a telegraphic dis patch to the p…",,3
sn86074079,"the madisonian (canton, miss.) 1850-1855",canton,madison,mississippi,weekly,taylor-1850,1850-07-11,10,yes,1850-08-08,2,https://www.loc.gov/resource/sn86074079/1850-08-08/ed-1/?sp=2&q=death+president+taylor,https://tile.loc.gov/image-services/iiif/service:ndnp:msar:batch_msar_icydrop_ver05:data:sn86074079:00295878502:1850080801:1088,death of the president,"…ing breathed his last on the 4th of april, 1841, in the 69 fear of his age. lie died whinnl!. llnritior ihe pfcess of co-' gress. 1 .v pjohn tavler. wos the.flrsl vicerfesideui who su ceeded to tie presidency up on the death of the president, he follow ed geu. harrison iu apr:!, 134 1.and closed his administration on lne3j of march, 1845 he is stiil living when mr. tyler be came the acting preside rit, mr. southard became the acting vice presideul; and, npo…",,5
sn89060060,"port tobacco times, and charles county advertiser (port tobacco, md.) 1845-1898",port tobacco,charles,maryland,weekly,taylor-1850,1850-07-17,9,yes,1850-07-17,2,https://www.loc.gov/resource/sn89060060/1850-07-17/ed-1/?sp=2&q=death+president+taylor,https://tile.loc.gov/image-services/iiif/service:ndnp:mdu:batch_mdu_elsberg_ver02:data:sn89060060:00415624256:1850071701:0105,death of general taylor,"…ur office three heads of red bearded wheal, one of which rneaj sures 9 inches in length, and the others 8j inches each. we notice these for their re markable size. they were “volunteers”, to und in mr l.' oat field. the death of general taylor. a few hours after our paper had been is sued last week, the unexpected and mourn ful intelligence of the death of president taylor was announced in our village. on tuesday night of the 9th insl., he breathed his last.…",,1
sn86081965,des moines courier ([ottumwa] iowa) 1848-1854,ottumwa,wapello,iowa,weekly,taylor-1850,1850-07-12,39,yes,1850-07-19,2,https://www.loc.gov/resource/sn86081965/1850-07-19/ed-1/?sp=2&q=death+president+taylor,https://tile.loc.gov/image-services/iiif/service:ndnp:iahi:batch_iahi_bellsprout_ver01:data:sn86081965:00279528554:1850071901:0156,death of the president,"ir t, i s? fst tt -1 'fit i y. ik' i 1 •""it iw .'a lit ""?:w* fc-' 5 a* 4 i ottt'ibwa, iowa *#riday morning, july 19,1850. death of the president. *jd ^xvashinoton, july 10. .president of the united stat fietl at 35 minutes past 10 o'clock last night. his death was calm and peace ful. the vice-president and cabinet, the mayor and marshal of the district, the atte…",,3
sn89066057,"democratic banner (bowling green, pike county, mo.) 1845-1852",louisiana,pike,missouri,weekly,taylor-1850,1850-07-15,5,yes,1850-07-15,2,https://www.loc.gov/resource/sn89066057/1850-07-15/ed-1/?sp=2&q=death+president+taylor,https://tile.loc.gov/image-services/iiif/service:ndnp:mohi:batch_mohi_jerome_ver01:data:sn89066057:00200292121:1850071501:0801,death of gen. taylor,"…. 5 democratic banner. louisiana missouri monday m0kning, july 15, 1850. for conphesfc-d district. jno. b, hendejrson, of pik. for the state sepatc, fcapt. w, s. lofland. for represenlires, peter cariy thomas r. vauhan. death of gen. taylor era morbus, and fast sinking. on the morning of the 11th another dispatch came, tying that he died about half past ten o'clock on the evening of the 10th. by the unfortunate demise of genera taylor, the duty of administ…",,1
sn90062046,"the granite farmer (manchester, n.h.) 1850-1853",manchester,hillsborough,new hampshire,weekly,taylor-1850,1850-07-16,2,yes,1850-07-16,6,https://www.loc.gov/resource/sn90062046/1850-07-16/ed-1/?sp=6&q=death+president+taylor,https://tile.loc.gov/image-services/iiif/service:ndnp:nhd:batch_nhd_cardinal_ver01:data:sn90062046:00541314805:1850071601:0126,death of president taylor,"142 fy granite farmer. manchester july 16, 1850, death of president taylor. since our last a sad storm has swept over the land. at first it was but a breath-spring ing up in a distant city—it grew, it spread —it covered the land with the dark pall of sorrow, saddening every heart with the an n…",,1
sn89080032,"hillsdale whig standard (hillsdale, mich.) 1846-1851",hillsdale,hillsdale,michigan,weekly,taylor-1850,1850-07-16,19,yes,1850-07-16,2,https://www.loc.gov/resource/sn89080032/1850-07-16/ed-1/?sp=2&q=death+president+taylor,https://tile.loc.gov/image-services/iiif/service:ndnp:mimtptc:batch_mimtptc_beulah_ver01:data:sn89080032:00415668132:1850071601:0813,death cf president taylor,"…sur.oundcd on all aides, nod struck w iili ,-r 1,.. q i..i.i..-.. .ki .1 .1.. ..1' .1 i herself. l mad mi rcis! aiic. f 1 i i) those weio the ihouuht 1l1.it wm; cnui- 'd t ij t o u ii hid mi ml w ii'm i in lead r of the death cf president taylor. message from l'retddent fillmore. wa.-hinton. july 10. .and nppr oached the spot ivliere he con i.i if i jiv. i lirf i ti n ul i tin i in 1 it w 1 r i'lifir luiiif; ;itil iiuw .m sje!t' fur lliu o'lliiifh, .iml tlu-n a…",,1
sn91070525,rhode-island weekly post (providence [r.i.]) 1850-1852,providence,providence,rhode island,weekly,taylor-1850,1850-08-03,2,no,,,,,,,,2
sn94059319,"watchman and observer (richmond, va.) 1845-1855",richmond,,virginia,weekly,taylor-1850,1850-08-15,9,yes,1850-08-15,3,https://www.loc.gov/resource/sn94059319/1850-08-15/ed-1/?sp=3&q=death+president+taylor,https://tile.loc.gov/image-services/iiif/service:ndnp:vi:batch_vi_jaeger_ver01:data:sn94059319:print:1850081501:0003,death of gen. taylor,"…and that, in consequence, he had demanded his passports, adv rtised his furniture for sale, and intended i eaving lisbon on the 19th inat. the american squad ron had sailed for tangiers. in england, intelligence of the death of gen. taylor produced a great sensation. the leading english jour nals were commenting upon his character and exploits. a large meeting of americans in london had been held, aver which the american min ster presided, at which a seri…",,1
sn92051540,"new-england religious herald (hartford, conn.) 1847-1852",hartford,hartford,connecticut,weekly,taylor-1850,1850-07-13,13,yes,1850-07-13,3,https://www.loc.gov/resource/sn92051540/1850-07-13/ed-1/?sp=3&q=death+president+taylor,https://tile.loc.gov/image-services/iiif/service:ndnp:ct:batch_ct_dinomayo_ver02:data:sn92051540:0051717497A:1850071301:0317,death oi' ihe president. zacharv taylor,"…n. s. s prentiss, a well-known and distinguished lawyer, formerly a resi lent of vicksburg, and recently of thia city, died the other d<y at natchez. miss. he was for a brief period a member of congress from that slate. death oi' ihe president. zacharv taylor, the twelfth president of the united states, died at washington about half past 10 o’clock on tuesday eve ning, the 9th inst. his illness was short, of little more than five days. his disease be gan with cholera morbus,…",,2
